"scientific_name","n","prop_grids_cut"
"Centropus andamanensis",24,1
"Dicrurus andamanensis",24,1
"Ducula nicobarica",11,1
"Perdicula manipurensis",1,1
"Rhyticeros narcondami",1,1
"Pycnonotus cafer",3816,0.979717586649551
"Psittacula longicauda",34,0.971428571428571
"Treron chloropterus",34,0.971428571428571
"Acridotheres tristis",3821,0.968077020521915
"Sturnia erythropygia",28,0.96551724137931
"Dicrurus macrocercus",3753,0.960583567954953
"Brachypodius fuscoflavescens",22,0.956521739130435
"Halcyon smyrnensis",3594,0.955342902711324
"Dicaeum virescens",21,0.954545454545455
"Bubulcus ibis",3535,0.946452476572959
"Columba livia",3572,0.934100418410042
"Ardeola grayii",3351,0.933946488294314
"Merops orientalis",3283,0.933466022177993
"Vanellus indicus",3327,0.92907009215303
"Corvus splendens",3576,0.928348909657321
"Centropus sinensis",3066,0.92600422832981
"Psittacula krameri",3265,0.923098671190274
"Dryocopus hodgei",22,0.916666666666667
"Cinnyris asiaticus",3058,0.912019087384432
"Orthotomus sutorius",2862,0.904551201011378
"Microcarbo niger",2972,0.896801448400724
"Passer domesticus",3349,0.894259012016021
"Streptopelia chinensis",2905,0.889739663093415
"Copsychus fulicatus",2678,0.886461436610394
"Streptopelia senegalensis",2741,0.88305412371134
"Eudynamys scolopaceus",2851,0.879395434916718
"Corvus macrorhynchos",2955,0.877896613190731
"Egretta garzetta",2901,0.876699909338169
"Spilornis elgini",21,0.875
"Copsychus saularis",2781,0.869606003752345
"Copsychus albiventris",20,0.869565217391304
"Leptocoma zeylonica",1667,0.857951621204323
"Argya striata",2354,0.857246904588492
"Gracupica contra",1867,0.852900867976245
"Dendrocitta vagabunda",2397,0.845204513399154
"Prinia socialis",2307,0.837994914638576
"Accipiter badius",2638,0.832964951057783
"Coracias benghalensis",2552,0.821371097521725
"Streptopelia decaocto",2587,0.820488423723438
"Pavo cristatus",2069,0.816818002368733
"Todiramphus chloris",55,0.808823529411765
"Psittacula caniceps",4,0.8
"Psilopogon asiaticus",467,0.791525423728814
"Heterophasia gracilis",45,0.789473684210526
"Argya affinis",641,0.789408866995074
"Trochalopteron lineatum",167,0.784037558685446
"Psilopogon haemacephalus",2112,0.781065088757396
"Amaurornis phoenicurus",2186,0.777106292214717
"Sturnia pagodarum",2126,0.766402307137707
"Psilopogon viridis",335,0.764840182648402
"Milvus migrans",2307,0.75664152181043
"Prinia inornata",2115,0.756167322130854
"Aegithina tiphia",1717,0.754062362758015
"Elanus caeruleus",2292,0.75049115913556
"Myophonus caeruleus",400,0.749063670411985
"Ardea intermedia",2073,0.748916184971098
"Euodice malabarica",1780,0.739509763190694
"Hirundo rustica",2159,0.738877481177276
"Parus monticolus",198,0.738805970149254
"Lanius schach",2199,0.738415043653459
"Pyrrhocorax pyrrhocorax",166,0.734513274336283
"Himantopus himantopus",1839,0.732085987261146
"Oriolus xanthornus",1135,0.729903536977492
"Argya malcolmi",1393,0.725898905680042
"Ocyceros birostris",1438,0.724068479355488
"Pycnonotus jocosus",1269,0.723901882487165
"Leucosticte brandti",67,0.720430107526882
"Phoenicurus erythrogastrus",77,0.719626168224299
"Psilopogon virens",278,0.718346253229974
"Saxicola caprata",1901,0.717900302114804
"Prunella rubeculoides",75,0.714285714285714
"Pycnonotus leucotis",394,0.713768115942029
"Pseudibis papillosa",1555,0.713630105553006
"Carpodacus rubicilla",59,0.710843373493976
"Emberiza cia",195,0.709090909090909
"Hypsipetes leucocephalus",294,0.706730769230769
"Anastomus oscitans",1750,0.705645161290323
"Ardea alba",1838,0.704754601226994
"Passer montanus",197,0.703571428571429
"Dendrocopos himalayensis",109,0.703225806451613
"Motacilla maderaspatensis",1763,0.701272871917263
"Ardea cinerea",1785,0.698903680501175
"Heterophasia pulchella",37,0.69811320754717
"Eremophila alpestris",83,0.697478991596639
"Trochalopteron variegatum",99,0.697183098591549
"Zosterops palpebrosus",1523,0.696069469835466
"Anas poecilorhyncha",1511,0.691849816849817
"Upupa epops",2075,0.691436187937354
"Dinopium benghalense",1436,0.689721421709894
"Tachybaptus ruficollis",1734,0.689463220675944
"Alcedo atthis",1920,0.688912809472551
"Psilopogon zeylanicus",815,0.687763713080169
"Hirundo smithii",1489,0.683654729109275
"Dendrocitta bayleii",15,0.681818181818182
"Phylloscopus xanthoschistos",233,0.681286549707602
"Actitis hypoleucos",1853,0.68
"Psittacula himalayana",125,0.679347826086957
"Pyrrhocorax graculus",128,0.677248677248677
"Psittacula cyanocephala",1354,0.677
"Oenanthe fusca",835,0.671221864951768
"Motacilla alba",1778,0.670690305545077
"Oriolus kundoo",1564,0.670094258783205
"Accipiter butleri",2,0.666666666666667
"Megapodius nicobariensis",6,0.666666666666667
"Stachyris oglei",4,0.666666666666667
"Trochalopteron imbricatum",6,0.666666666666667
"Parus cinereus",1170,0.66628701594533
"Cypsiurus balasiensis",1250,0.665601703940362
"Acridotheres ginginianus",912,0.658008658008658
"Aegithalos concinnus",150,0.657894736842105
"Eremopterix griseus",1400,0.654511453950444
"Macropygia rufipennis",17,0.653846153846154
"Dicrurus paradiseus",551,0.65207100591716
"Phoenicurus leucocephalus",310,0.651260504201681
"Hierococcyx varius",1523,0.650854700854701
"Rubigula flaviventris",201,0.650485436893204
"Cyanoderma pyrrhops",87,0.649253731343284
"Certhia himalayana",131,0.648514851485149
"Psilopogon lineatus",225,0.646551724137931
"Cecropis daurica",1593,0.646247464503043
"Dendrocygna javanica",1492,0.644770959377701
"Apus affinis",1553,0.644398340248963
"Anthus rufulus",1626,0.643196202531646
"Treron phoenicopterus",1242,0.640536358947911
"Lonchura punctulata",1597,0.638544582167133
"Threskiornis melanocephalus",1406,0.638220608261462
"Ploceus philippinus",1489,0.637687366167024
"Glaucidium cuculoides",239,0.637333333333333
"Ceryle rudis",1578,0.635265700483092
"Heterophasia capistrata",102,0.633540372670807
"Fulica atra",1409,0.629298794104511
"Periparus ater",115,0.628415300546448
"Saxicola ferreus",289,0.626898047722343
"Urocissa flavirostris",133,0.621495327102804
"Garrulus lanceolatus",82,0.621212121212121
"Phoenicurus fuliginosus",246,0.619647355163728
"Mycteria leucocephala",1181,0.618001046572475
"Dendrocoptes auriceps",95,0.616883116883117
"Acridotheres fuscus",837,0.616801768607222
"Ardea purpurea",1289,0.614980916030534
"Passer cinnamomeus",183,0.614093959731544
"Alcippe nipalensis",97,0.613924050632911
"Urocissa erythroryncha",97,0.613924050632911
"Lanius tephronotus",225,0.611413043478261
"Dendrocitta formosae",220,0.611111111111111
"Pericrocotus speciosus",325,0.610902255639098
"Sterna aurantia",1119,0.608152173913043
"Acrocephalus dumetorum",1184,0.605936540429887
"Pycnonotus luteolus",678,0.605898123324397
"Gypaetus barbatus",136,0.604444444444444
"Prunella fulvescens",47,0.602564102564103
"Antigone antigone",324,0.602230483271376
"Haliastur indus",713,0.60168776371308
"Gracula religiosa",166,0.601449275362319
"Spilornis klossi",3,0.6
"Alophoixus flaveolus",109,0.598901098901099
"Saxicola maurus",1308,0.5950864422202
"Ammomanes phoenicura",839,0.593352192362093
"Rhipidura albicollis",305,0.59108527131783
"Argya caudata",890,0.588235294117647
"Alectoris chukar",108,0.580645161290323
"Arachnothera magna",112,0.580310880829015
"Phoenicurus ochruros",1146,0.578787878787879
"Pericrocotus cinnamomeus",1128,0.576687116564417
"Phalacrocorax fuscicollis",1183,0.574271844660194
"Psittacula eupatria",880,0.573663624511082
"Metopidius indicus",873,0.573587385019711
"Leiothrix argentauris",82,0.573426573426573
"Galerida cristata",312,0.572477064220184
"Gymnoris xanthocollis",997,0.5687393040502
"Dicaeum cruentatum",109,0.567708333333333
"Lanius vittatus",1051,0.567188343227199
"Porphyrio poliocephalus",1002,0.564507042253521
"Rhipidura aureola",595,0.563981042654028
"Cyornis tickelliae",686,0.561834561834562
"Cyanoderma chrysaeum",55,0.561224489795918
"Dicaeum erythrorhynchos",777,0.56101083032491
"Columba rupestris",105,0.558510638297872
"Yuhina flavicollis",129,0.558441558441558
"Motacilla cinerea",1325,0.55672268907563
"Anas albogularis",10,0.555555555555556
"Mixornis gularis",130,0.555555555555556
"Dicrurus aeneus",393,0.555084745762712
"Dicaeum concolor",137,0.554655870445344
"Coracias affinis",138,0.55421686746988
"Dicrurus caerulescens",641,0.552586206896552
"Tringa glareola",1152,0.551988500239578
"Charadrius dubius",1122,0.551622418879056
"Loriculus vernalis",223,0.550617283950617
"Serinus pusillus",99,0.546961325966851
"Pericrocotus flammeus",175,0.546875
"Aethopyga vigorsii",66,0.545454545454545
"Gallinula chloropus",1125,0.544794188861985
"Glaucidium radiatum",500,0.544069640914037
"Tadorna ferruginea",842,0.541479099678457
"Picus squamatus",94,0.540229885057471
"Lanius cristatus",971,0.539744302390217
"Trochalopteron erythrocephalum",76,0.539007092198582
"Gracula indica",90,0.538922155688623
"Ciconia episcopus",946,0.535370684776457
"Acridotheres grandis",80,0.533333333333333
"Fulvetta ludlowi",8,0.533333333333333
"Pastor roseus",999,0.532515991471215
"Mirafra affinis",313,0.531409168081494
"Dicrurus leucophaeus",1014,0.531168150864327
"Picus canus",163,0.530944625407166
"Phalacrocorax carbo",1075,0.529295913343181
"Aethopyga nipalensis",76,0.527777777777778
"Corvus corax",106,0.527363184079602
"Terpsiphone paradisi",951,0.525995575221239
"Aethopyga siparaja",203,0.525906735751295
"Erythrogenys mcclellandi",22,0.523809523809524
"Trochalopteron virgatum",11,0.523809523809524
"Curruca curruca",841,0.523661270236613
"Gallus gallus",288,0.523636363636364
"Francolinus francolinus",256,0.523517382413088
"Gallus sonneratii",268,0.522417153996101
"Spilornis cheela",834,0.521902377972466
"Vanellus duvaucelii",311,0.520938023450586
"Erythrogenys erythrogenys",76,0.520547945205479
"Platalea leucorodia",637,0.52
"Gyps himalayensis",263,0.518737672583826
"Neophron percnopterus",568,0.518721461187215
"Columba palumboides",14,0.518518518518518
"Trochalopteron chrysopterum",14,0.518518518518518
"Irena puella",158,0.518032786885246
"Chloropsis aurifrons",410,0.517023959646911
"Minla ignotincta",37,0.513888888888889
"Ptyonoprogne concolor",776,0.512211221122112
"Phoenicurus frontalis",130,0.511811023622047
"Motacilla flava",957,0.511764705882353
"Spizixos canifrons",23,0.511111111111111
"Streptopelia tranquebarica",914,0.510899944102851
"Oenanthe picata",236,0.510822510822511
"Phaenicophaeus tristis",140,0.509090909090909
"Sitta leucopsis",33,0.507692307692308
"Leptoptilos javanicus",190,0.50531914893617
"Pernis ptilorhynchus",1142,0.505309734513274
"Mareca strepera",617,0.504497138184791
"Pelecanus onocrotalus",169,0.504477611940298
"Spatula clypeata",759,0.50398406374502
"Rhipidura albogularis",384,0.503276539973788
"Actinodura egertoni",45,0.5
"Athene blewitti",14,0.5
"Grammatoptila striata",78,0.5
"Iole cacharensis",10,0.5
"Spelaeornis chocolatinus",3,0.5
"Spelaeornis longicaudatus",3,0.5
"Tringa ochropus",1091,0.5
"Sarkidiornis melanotos",597,0.499581589958159
"Pelecanus crispus",111,0.497757847533632
"Psittacula columboides",103,0.497584541062802
"Passer pyrrhonotus",51,0.495145631067961
"Leptocoma minima",125,0.494071146245059
"Leucosticte nemoricola",114,0.493506493506494
"Anas acuta",809,0.493292682926829
"Phylloscopus chloronotus",146,0.493243243243243
"Schoeniparus castaneceps",33,0.492537313432836
"Machlolophus xanthogenys",63,0.4921875
"Pterorhinus albogularis",60,0.491803278688525
"Copsychus malabaricus",358,0.489740082079343
"Culicicapa ceylonensis",536,0.489497716894977
"Dinopium shorii",22,0.488888888888889
"Plegadis falcinellus",735,0.485789821546596
"Prinia hodgsonii",838,0.485515643105446
"Merops philippinus",797,0.485088253195374
"Mirafra erythroptera",515,0.483568075117371
"Troglodytes troglodytes",86,0.48314606741573
"Chloropsis hardwickii",98,0.482758620689655
"Garrulax leucolophus",90,0.481283422459893
"Carpodacus rodochroa",77,0.48125
"Phoenicopterus roseus",295,0.481239804241436
"Cinclus pallasii",140,0.481099656357388
"Psilopogon malabaricus",76,0.481012658227848
"Psilopogon franklinii",50,0.480769230769231
"Columba leuconota",87,0.480662983425414
"Myophonus horsfieldii",145,0.480132450331126
"Sitta cashmirensis",12,0.48
"Phylloscopus trochiloides",950,0.479555779909137
"Nucifraga caryocatactes",44,0.478260869565217
"Staphida castaniceps",41,0.476744186046512
"Chrysomma sinense",773,0.476572133168927
"Grus grus",184,0.474226804123711
"Ocyceros griseus",101,0.474178403755869
"Cyanoderma ruficeps",55,0.474137931034483
"Grus nigricollis",18,0.473684210526316
"Pterorhinus galbanus",9,0.473684210526316
"Actinodura cyanouroptera",71,0.473333333333333
"Hypothymis azurea",546,0.47313691507799
"Alcippe poioicephala",193,0.473039215686274
"Tephrodornis pondicerianus",857,0.472176308539945
"Anthracoceros albirostris",93,0.472081218274112
"Lophura leucomelanos",131,0.471223021582734
"Anhinga melanogaster",736,0.470588235294118
"Sitta castanea",141,0.47
"Laticilla burnesii",7,0.466666666666667
"Pellorneum ruficeps",375,0.466417910447761
"Chloris spinoides",111,0.466386554621849
"Falco tinnunculus",1076,0.463993100474342
"Tringa totanus",561,0.462871287128713
"Psittacula alexandri",110,0.46218487394958
"Oriolus traillii",115,0.461847389558233
"Anas crecca",647,0.461483594864479
"Pomatorhinus horsfieldii",181,0.460559796437659
"Carduelis carduelis",81,0.460227272727273
"Hemixos flavala",92,0.46
"Vanellus malabaricus",812,0.459535936615733
"Calidris pugnax",392,0.459016393442623
"Nucifraga multipunctata",16,0.457142857142857
"Artamus fuscus",471,0.455512572533849
"Aquila chrysaetos",87,0.455497382198953
"Columba eversmanni",10,0.454545454545455
"Cinclus cinclus",39,0.453488372093023
"Enicurus maculatus",111,0.453061224489796
"Machlolophus aplonotus",226,0.452905811623247
"Circus aeruginosus",670,0.450268817204301
"Aythya ferina",533,0.450168918918919
"Megalurus palustris",98,0.44954128440367
"Pericrocotus ethologus",190,0.449172576832151
"Motacilla citreola",701,0.448783610755442
"Tarsiger rufilatus",106,0.447257383966245
"Sitta frontalis",193,0.446759259259259
"Pterocles exustus",265,0.444630872483221
"Chrysocolaptes guttacristatus",256,0.444444444444444
"Lophophorus impejanus",48,0.444444444444444
"Amandava amandava",562,0.442868400315209
"Blythipicus pyrrhotis",49,0.441441441441441
"Oenanthe deserti",267,0.441322314049587
"Lanius excubitor",370,0.439952437574316
"Streptopelia orientalis",614,0.437633642195296
"Pelargopsis capensis",330,0.436507936507937
"Coracina macei",584,0.436146377893951
"Arachnothera longirostra",150,0.436046511627907
"Netta rufina",378,0.435483870967742
"Ficedula parva",522,0.435
"Chlidonias hybrida",513,0.43109243697479
"Butastur teesa",689,0.430894308943089
"Phylloscopus fuscatus",140,0.430769230769231
"Limosa limosa",407,0.430232558139535
"Prinia rufescens",49,0.429824561403509
"Rubigula gularis",70,0.429447852760736
"Dicaeum ignipectus",91,0.429245283018868
"Sitta cinnamoventris",106,0.42914979757085
"Nettapus coromandelianus",583,0.428991905813098
"Pterorhinus pectoralis",60,0.428571428571429
"Machlolophus spilonotus",35,0.426829268292683
"Tringa nebularia",682,0.42625
"Phoenicurus coeruleocephala",72,0.42603550295858
"Sturnia malabarica",641,0.425913621262458
"Yuhina gularis",43,0.425742574257426
"Phylloscopus humei",432,0.424778761061947
"Prinia atrogularis",31,0.424657534246575
"Riparia chinensis",312,0.424489795918367
"Cisticola juncidis",708,0.424206111443978
"Prinia crinigera",86,0.423645320197044
"Haliaeetus leucogaster",99,0.423076923076923
"Ixos mcclellandii",60,0.422535211267606
"Hydrophasianus chirurgus",590,0.417847025495751
"Francolinus pictus",228,0.416819012797075
"Chalcoparia singalensis",55,0.416666666666667
"Yuhina occipitalis",20,0.416666666666667
"Spatula querquedula",570,0.415451895043732
"Calidris minuta",523,0.414750198255353
"Anthracoceros coronatus",102,0.414634146341463
"Chelidorhynx hypoxanthus",109,0.412878787878788
"Chloropsis jerdoni",378,0.411764705882353
"Liocichla phoenicea",28,0.411764705882353
"Chalcophaps indica",300,0.409836065573771
"Dendrocopos macei",184,0.409799554565702
"Prinia sylvatica",484,0.407407407407407
"Recurvirostra avosetta",216,0.406779661016949
"Mareca penelope",447,0.403794037940379
"Clamator jacobinus",738,0.40327868852459
"Argya earlei",110,0.402930402930403
"Anser indicus",423,0.402091254752852
"Chrysophlegma flavinucha",84,0.4
"Sitta himalayensis",53,0.398496240601504
"Merops leschenaulti",268,0.397626112759644
"Yuhina bakeri",27,0.397058823529412
"Mirafra assamica",156,0.396946564885496
"Calandrella brachydactyla",144,0.396694214876033
"Phylloscopus collybita",479,0.395540875309661
"Nycticorax nycticorax",683,0.394797687861272
"Arborophila torqueola",58,0.394557823129252
"Vanellus leucurus",128,0.393846153846154
"Niltava macgrigoriae",96,0.39344262295082
"Gyps indicus",167,0.392941176470588
"Phoeniconaias minor",69,0.389830508474576
"Leiothrix lutea",53,0.389705882352941
"Pomatorhinus ruficollis",37,0.389473684210526
"Numenius phaeopus",126,0.388888888888889
"Cyornis poliogenys",52,0.388059701492537
"Hemiprocne coronata",282,0.387362637362637
"Phylloscopus maculipennis",65,0.386904761904762
"Cinnyris lotenius",189,0.384928716904277
"Tetraogallus himalayensis",30,0.384615384615385
"Dicaeum minullum",63,0.384146341463415
"Harpactes fasciatus",71,0.381720430107527
"Actinodura strigula",53,0.381294964028777
"Garrulus glandarius",50,0.378787878787879
"Yungipicus nanus",342,0.377483443708609
"Enicurus immaculatus",52,0.376811594202899
"Pycnonotus striatus",35,0.376344086021505
"Galerida deva",142,0.375661375661376
"Podiceps cristatus",167,0.374439461883408
"Prinia buchanani",163,0.373853211009174
"Dicrurus remifer",82,0.372727272727273
"Horornis fortipes",87,0.371794871794872
"Machlolophus nuchalis",29,0.371794871794872
"Buceros bicornis",42,0.371681415929204
"Calidris temminckii",443,0.371021775544389
"Charadrius alexandrinus",393,0.370405278039585
"Geokichla citrina",394,0.370300751879699
"Alaudala raytal",112,0.36963696369637
"Dicrurus hottentottus",260,0.369318181818182
"Charadrius mongolus",181,0.368635437881874
"Periparus rufonuchalis",39,0.367924528301887
"Leiopicus mahrattensis",400,0.36697247706422
"Tringa stagnatilis",454,0.365834004834811
"Lanius isabellinus",223,0.365573770491803
"Lonchura striata",392,0.365330848089469
"Montecincla cachinnans",4,0.363636363636364
"Aethopyga saturata",65,0.363128491620112
"Eumyias thalassinus",475,0.362595419847328
"Aethopyga gouldiae",47,0.361538461538462
"Aythya fuligula",285,0.358942065491184
"Coracina dobsoni",5,0.357142857142857
"Pteruthius melanotis",25,0.357142857142857
"Pucrasia macrolopha",32,0.355555555555556
"Cissa chinensis",60,0.355029585798817
"Ichthyaetus ichthyaetus",204,0.354782608695652
"Dumetia atriceps",53,0.353333333333333
"Anorrhinus austeni",6,0.352941176470588
"Arborophila mandellii",6,0.352941176470588
"Lophophanes dichrous",30,0.352941176470588
"Ephippiorhynchus asiaticus",97,0.352727272727273
"Gelochelidon nilotica",193,0.352189781021898
"Turdus albocinctus",44,0.352
"Dicaeum agile",381,0.35050597976081
"Rallina canningi",7,0.35
"Falco jugger",67,0.348958333333333
"Prunella strophiata",68,0.348717948717949
"Egretta gularis",163,0.346808510638298
"Monticola rufiventris",86,0.346774193548387
"Pelecanus philippensis",125,0.346260387811634
"Phylloscopus pulcher",63,0.346153846153846
"Anser anser",201,0.345955249569707
"Pterorhinus ruficollis",46,0.345864661654135
"Niltava grandis",39,0.345132743362832
"Phaenicophaeus viridirostris",229,0.344360902255639
"Ducula aenea",117,0.344117647058824
"Carpodacus rodopeplus",11,0.34375
"Psilopogon duvaucelii",45,0.343511450381679
"Phylloscopus inornatus",108,0.342857142857143
"Hydroprogne caspia",112,0.342507645259939
"Pterorhinus caerulatus",13,0.342105263157895
"Luscinia svecica",406,0.342038753159225
"Timalia pileata",29,0.341176470588235
"Anthus campestris",321,0.33968253968254
"Aythya nyroca",211,0.339228295819936
"Merops persicus",139,0.339024390243902
"Petrochelidon fluvicola",460,0.338733431516937
"Vanellus cinereus",155,0.337690631808279
"Numenius arquata",197,0.336752136752137
"Chloropsis cochinchinensis",25,0.333333333333333
"Chroicocephalus brunnicephalus",281,0.333333333333333
"Cyornis nicobaricus",1,0.333333333333333
"Dendrocitta frontalis",15,0.333333333333333
"Erpornis zantholeuca",46,0.333333333333333
"Ficedula westermanni",63,0.333333333333333
"Liocichla bugunorum",1,0.333333333333333
"Pyrrhula aurantiaca",8,0.333333333333333
"Rhyticeros undulatus",18,0.333333333333333
"Schoeniparus cinereus",14,0.333333333333333
"Schoeniparus rufogularis",5,0.333333333333333
"Spelaeornis badeigularis",1,0.333333333333333
"Turdus boulboul",79,0.333333333333333
"Turdus viscivorus",35,0.333333333333333
"Circaetus gallicus",486,0.332194121667806
"Ficedula strophiata",72,0.331797235023041
"Procarduelis nipalensis",35,0.330188679245283
"Ducula badia",87,0.328301886792453
"Melanochlora sultanea",36,0.327272727272727
"Phylloscopus poliogenys",32,0.326530612244898
"Anthus hodgsoni",314,0.326403326403326
"Arenaria interpres",55,0.325443786982249
"Dendrocopos darjellensis",13,0.325
"Ptyonoprogne rupestris",86,0.324528301886792
"Mergus merganser",44,0.323529411764706
"Mycerobas icterioides",30,0.32258064516129
"Tringa erythropus",256,0.322418136020151
"Abroscopus schisticeps",29,0.322222222222222
"Hypsipetes ganeesa",55,0.321637426900585
"Stachyris nigriceps",41,0.3203125
"Prinia flaviventris",73,0.320175438596491
"Gyps bengalensis",207,0.319938176197836
"Phyllergates cucullatus",34,0.317757009345794
"Aquila nipalensis",228,0.315789473684211
"Acrocephalus stentoreus",440,0.314285714285714
"Treron apicauda",38,0.31404958677686
"Phylloscopus reguloides",83,0.310861423220974
"Treron affinis",78,0.310756972111554
"Actinodura waldeni",9,0.310344827586207
"Tephrodornis virgatus",54,0.310344827586207
"Nisaetus cirrhatus",237,0.309803921568627
"Buteo hemilasius",21,0.308823529411765
"Orthotomus atrogularis",25,0.308641975308642
"Buteo rufinus",190,0.308441558441558
"Leptoptilos dubius",20,0.307692307692308
"Pandion haliaetus",348,0.307692307692308
"Pellorneum palustre",4,0.307692307692308
"Stachyris roberti",4,0.307692307692308
"Chroicocephalus ridibundus",208,0.306332842415317
"Aceros nipalensis",11,0.305555555555556
"Enicurus schistaceus",40,0.305343511450382
"Glareola lactea",278,0.305159165751921
"Esacus recurvirostris",149,0.304703476482618
"Malacocincla abbotti",28,0.304347826086957
"Gallinago gallinago",378,0.303858520900322
"Garrulax monileger",35,0.301724137931034
"Periparus rubidiventris",22,0.301369863013699
"Aethopyga ignicauda",31,0.300970873786408
"Iduna caligata",362,0.299917149958575
"Cuculus micropterus",261,0.299311926605505
"Chlamydotis macqueenii",14,0.297872340425532
"Emberiza lathami",196,0.296969696969697
"Argya longirostris",5,0.294117647058824
"Dendrocopos hyperythrus",25,0.294117647058824
"Harpactes wardi",5,0.294117647058824
"Perdicula argoondah",122,0.293975903614458
"Dendrocitta leucogastra",32,0.293577981651376
"Salpornis spilonota",17,0.293103448275862
"Harpactes erythrocephalus",29,0.292929292929293
"Coracias garrulus",199,0.292647058823529
"Elachura formosa",19,0.292307692307692
"Gyps tenuirostris",19,0.292307692307692
"Pnoepyga albiventer",38,0.292307692307692
"Pnoepyga pusilla",38,0.292307692307692
"Anthus trivialis",400,0.291757840991977
"Actinodura nipalensis",7,0.291666666666667
"Oenanthe isabellina",123,0.291469194312796
"Phylloscopus castaniceps",32,0.290909090909091
"Microhierax melanoleucos",9,0.290322580645161
"Yungipicus canicapillus",72,0.290322580645161
"Abroscopus superciliaris",33,0.289473684210526
"Dumetia hyperythra",257,0.289414414414414
"Pomatorhinus superciliaris",15,0.288461538461538
"Taenioptynx brodiei",63,0.287671232876712
"Phoenicurus auroreus",31,0.287037037037037
"Sturnus vulgaris",103,0.286908077994429
"Phylloscopus griseolus",231,0.286245353159851
"Pterorhinus nuchalis",2,0.285714285714286
"Carpodacus erythrinus",337,0.285593220338983
"Lonchura malacca",343,0.285357737104825
"Hierococcyx sparverioides",79,0.285198555956679
"Ficedula superciliaris",162,0.284210526315789
"Sterna acuticauda",44,0.283870967741935
"Pycnonotus xantholaemus",32,0.283185840707965
"Trochalopteron squamatum",15,0.283018867924528
"Pitta brachyura",272,0.281865284974093
"Eurystomus orientalis",60,0.280373831775701
"Sarcogyps calvus",89,0.279874213836478
"Hemicircus canente",54,0.27979274611399
"Psarisomus dalhousiae",40,0.27972027972028
"Anthus roseatus",120,0.277777777777778
"Circus pygargus",192,0.276258992805755
"Burhinus indicus",308,0.276233183856502
"Galerida malabarica",70,0.275590551181102
"Pluvialis fulva",141,0.274853801169591
"Niltava sundara",62,0.274336283185841
"Argya subrufa",49,0.273743016759777
"Sylviparus modestus",29,0.273584905660377
"Pomatorhinus schisticeps",53,0.27319587628866
"Paradoxornis flavirostris",6,0.272727272727273
"Surniculus lugubris",45,0.272727272727273
"Anas platyrhynchos",133,0.272540983606557
"Aquila heliaca",59,0.270642201834862
"Haliaeetus ichthyaetus",58,0.269767441860465
"Brachypteryx leucophris",28,0.269230769230769
"Chrysomma altirostre",7,0.269230769230769
"Megaceryle lugubris",57,0.267605633802817
"Chrysocolaptes festivus",152,0.266199649737303
"Ibidorhyncha struthersii",21,0.265822784810127
"Monticola solitarius",355,0.265321375186846
"Dicaeum chrysorrheum",18,0.264705882352941
"Ficedula tricolor",66,0.264
"Sasia ochracea",33,0.264
"Ithaginis cruentus",5,0.263157894736842
"Sturnia blythii",55,0.263157894736842
"Cacomantis merulinus",73,0.262589928057554
"Arborophila atrogularis",11,0.261904761904762
"Prunella collaris",41,0.261146496815287
"Ploceus benghalensis",115,0.260770975056689
"Emberiza pusilla",31,0.260504201680672
"Cursorius coromandelicus",125,0.259336099585062
"Houbaropsis bengalensis",7,0.259259259259259
"Galloperdix lunulata",79,0.258169934640523
"Phoenicurus hodgsoni",26,0.257425742574257
"Pluvialis squatarola",53,0.257281553398058
"Gyps fulvus",99,0.257142857142857
"Turnix suscitator",270,0.257142857142857
"Alauda gulgula",294,0.255874673629243
"Carpodacus thura",13,0.254901960784314
"Pteruthius aeralatus",19,0.253333333333333
"Brachypodius priocephalus",39,0.253246753246753
"Certhia hodgsoni",20,0.253164556962025
"Hemipus picatus",119,0.252653927813163
"Perdicula asiatica",224,0.251968503937008
"Ficedula nigrorufa",11,0.25
"Graminicola bengalensis",5,0.25
"Montecincla fairbanki",5,0.25
"Montecincla meridionalis",1,0.25
"Psittiparus ruficeps",3,0.25
"Stachyris humei",1,0.25
"Tragopan melanocephalus",2,0.25
"Xenus cinereus",59,0.25
"Cettia castaneocoronata",40,0.248447204968944
"Treron sphenurus",55,0.247747747747748
"Calidris ferruginea",81,0.247706422018349
"Circus macrourus",202,0.247549019607843
"Enicurus scouleri",46,0.247311827956989
"Lalage melaschistos",91,0.246612466124661
"Micropternus brachyurus",149,0.244262295081967
"Cacomantis passerinus",289,0.243061396131203
"Cuculus saturatus",43,0.242937853107345
"Saxicola macrorhynchus",17,0.242857142857143
"Lalage melanoptera",263,0.242396313364055
"Thalasseus bergii",31,0.2421875
"Pericrocotus brevirostris",29,0.241666666666667
"Pericrocotus solaris",20,0.240963855421687
"Dryocopus javensis",32,0.240601503759398
"Columba punicea",6,0.24
"Thalasseus bengalensis",41,0.239766081871345
"Macropygia unchall",27,0.238938053097345
"Dendrocygna bicolor",42,0.235955056179775
"Aquila fasciata",244,0.235294117647059
"Tesia cyaniventer",30,0.234375
"Calliope tschebaiewi",11,0.234042553191489
"Larus fuscus",66,0.234042553191489
"Aegypius monachus",49,0.233333333333333
"Certhia discolor",7,0.233333333333333
"Emberiza stewarti",66,0.232394366197183
"Ciconia nigra",144,0.232258064516129
"Aegithina nigrolutea",39,0.232142857142857
"Turdus simillimus",100,0.231481481481481
"Zapornia bicolor",9,0.230769230769231
"Sternula albifrons",119,0.23062015503876
"Treron phayrei",25,0.229357798165138
"Coturnix coromandelica",130,0.228471001757469
"Rynchops albicollis",21,0.228260869565217
"Callacanthis burtoni",13,0.228070175438596
"Ictinaetus malaiensis",159,0.227793696275072
"Yuhina nigrimenta",23,0.227722772277228
"Calidris tenuirostris",15,0.227272727272727
"Muscicapa sibirica",60,0.227272727272727
"Mirafra cantillans",24,0.226415094339623
"Apus acuticauda",7,0.225806451612903
"Mulleripicus pulverulentus",11,0.224489795918367
"Clanga clanga",178,0.223618090452261
"Tichodroma muraria",57,0.223529411764706
"Laticilla cinerascens",2,0.222222222222222
"Locustella kashmirensis",4,0.222222222222222
"Myzornis pyrrhoura",8,0.222222222222222
"Pyrrhoplectes epauletta",8,0.222222222222222
"Picus chlorolophus",109,0.221995926680244
"Phylloscopus whistleri",57,0.221789883268482
"Nyctyornis athertoni",102,0.220779220779221
"Aquila rapax",98,0.220224719101124
"Nisaetus nipalensis",42,0.219895287958115
"Calidris alba",31,0.219858156028369
"Tarsiger chrysaeus",29,0.21969696969697
"Aerodramus brevirostris",54,0.218623481781377
"Prunella atrogularis",26,0.218487394957983
"Columba hodgsonii",22,0.217821782178218
"Tragopan satyra",5,0.217391304347826
"Tephrodornis sylvicola",31,0.216783216783217
"Haliaeetus leucoryphus",21,0.216494845360825
"Haematopus ostralegus",16,0.216216216216216
"Hieraaetus pennatus",309,0.215631542219121
"Napothera malacoptila",3,0.214285714285714
"Regulus regulus",24,0.214285714285714
"Emberiza buchanani",123,0.21280276816609
"Vanellus vanellus",35,0.212121212121212
"Treron curvirostra",25,0.211864406779661
"Sterna hirundo",51,0.210743801652893
"Calliope pectoralis",28,0.208955223880597
"Circus melanoleucos",47,0.208888888888889
"Emberiza striolata",31,0.208053691275168
"Phylloscopus intermedius",16,0.207792207792208
"Monticola cinclorhyncha",123,0.20777027027027
"Emberiza melanocephala",115,0.207207207207207
"Accipiter nisus",206,0.206
"Saxicola leucurus",15,0.205479452054795
"Ixobrychus sinensis",164,0.205
"Delichon nipalense",28,0.204379562043796
"Catreus wallichii",10,0.204081632653061
"Galloperdix spadicea",100,0.204081632653061
"Gecinulus grantia",10,0.204081632653061
"Calidris alpina",60,0.203389830508475
"Butorides striata",226,0.202872531418312
"Phylloscopus occipitalis",97,0.201663201663202
"Muscicapa dauurica",191,0.20063025210084
"Ardea insignis",2,0.2
"Cyornis pallidipes",31,0.2
"Garrulax merulinus",4,0.2
"Lophophorus sclateri",1,0.2
"Chroicocephalus genei",34,0.197674418604651
"Ixobrychus cinnamomeus",185,0.195767195767196
"Anthus similis",96,0.195121951219512
"Cyanoderma ambiguum",16,0.195121951219512
"Arborophila rufogularis",15,0.194805194805195
"Microhierax caerulescens",11,0.192982456140351
"Centropus bengalensis",46,0.190082644628099
"Aviceda jerdoni",26,0.18978102189781
"Pericrocotus roseus",26,0.18978102189781
"Terpsiphone affinis",11,0.189655172413793
"Oriolus chinensis",110,0.189003436426117
"Pyrrhula erythrocephala",17,0.188888888888889
"Cyornis unicolor",17,0.186813186813187
"Cuculus canorus",198,0.185741088180113
"Ploceus manyar",85,0.185589519650655
"Phylloscopus affinis",127,0.185131195335277
"Pterocles indicus",46,0.184738955823293
"Picus xanthopygaeus",66,0.183844011142061
"Eumyias albicaudatus",11,0.183333333333333
"Pericrocotus erythropygius",46,0.183266932270916
"Limosa lapponica",26,0.183098591549296
"Pteruthius ripleyi",15,0.182926829268293
"Carpodacus sipahi",12,0.181818181818182
"Chrysococcyx xanthorhynchus",10,0.181818181818182
"Saxicola jerdoni",2,0.181818181818182
"Ketupa zeylonensis",115,0.176923076923077
"Asarcornis scutulata",3,0.176470588235294
"Tragopan blythii",3,0.176470588235294
"Jynx torquilla",160,0.175438596491228
"Myiomela leucura",18,0.174757281553398
"Delichon urbicum",42,0.173553719008264
"Alcedo meninting",29,0.171597633136095
"Ixobrychus flavicollis",115,0.16812865497076
"Falco peregrinus",208,0.167606768734891
"Taccocua leschenaultii",117,0.164788732394366
"Zapornia akool",73,0.164044943820225
"Aerodramus unicolor",31,0.163157894736842
"Emberiza bruniceps",96,0.162988115449915
"Horornis brunnescens",7,0.162790697674419
"Halcyon pileata",42,0.16030534351145
"Psittacula roseata",8,0.16
"Cettia brunnifrons",22,0.158273381294964
"Clanga hastata",119,0.158034528552457
"Spelaeornis caudatus",3,0.157894736842105
"Rostratula benghalensis",145,0.155913978494624
"Cisticola exilis",9,0.155172413793103
"Turdus unicolor",55,0.154494382022472
"Turdus atrogularis",43,0.154121863799283
"Ficedula hyperythra",18,0.15
"Treron bicinctus",39,0.15
"Anthus sylvanus",13,0.149425287356322
"Picumnus innominatus",56,0.148148148148148
"Curruca crassirostris",48,0.147692307692308
"Acrocephalus agricola",113,0.145431145431145
"Anthus nilghiriensis",2,0.142857142857143
"Rhinoptilus bitorquatus",1,0.142857142857143
"Accipiter trivirgatus",55,0.142487046632124
"Falco amurensis",48,0.140762463343109
"Hydrornis nipalensis",9,0.140625
"Phylloscopus cantator",15,0.138888888888889
"Phylloscopus subviridis",6,0.136363636363636
"Phylloscopus magnirostris",48,0.135977337110482
"Circus cyaneus",25,0.134408602150538
"Asio flammeus",38,0.133802816901408
"Calliope calliope",27,0.133663366336634
"Bubo coromandus",8,0.133333333333333
"Sholicola albiventris",2,0.133333333333333
"Hirundo domicola",8,0.131147540983607
"Zoothera mollissima",11,0.130952380952381
"Certhia nipalensis",6,0.130434782608696
"Aviceda leuphotes",22,0.127906976744186
"Cyornis rubeculoides",66,0.127659574468085
"Hirundapus giganteus",26,0.127450980392157
"Glareola maldivarum",40,0.126984126984127
"Aegithalos niveogularis",6,0.125
"Columba elphinstonii",19,0.125
"Larvivora brunnea",43,0.124277456647399
"Lonchura kelaarti",22,0.122222222222222
"Pitta sordida",9,0.121621621621622
"Zapornia pusilla",47,0.118387909319899
"Cacomantis sonneratii",53,0.11804008908686
"Tickellia hodgsoni",4,0.117647058823529
"Falco chicquera",79,0.116176470588235
"Cochoa purpurea",3,0.115384615384615
"Tadorna tadorna",20,0.114942528735632
"Ficedula sapphira",7,0.114754098360656
"Carpodacus grandis",4,0.114285714285714
"Tarsiger hyperythrus",4,0.114285714285714
"Pteruthius xanthochlorus",10,0.113636363636364
"Turdus rubrocanus",12,0.113207547169811
"Horornis flavolivaceus",11,0.112244897959184
"Anthus godlewskii",56,0.112
"Indicator xanthonotus",3,0.111111111111111
"Marmaronetta angustirostris",2,0.111111111111111
"Pteruthius rufiventer",5,0.111111111111111
"Turdus maximus",5,0.111111111111111
"Phylloscopus tytleri",14,0.110236220472441
"Halcyon coromanda",7,0.109375
"Ficedula ruficauda",26,0.109243697478992
"Thalasseus sandvicensis",8,0.108108108108108
"Oriolus tenuirostris",3,0.107142857142857
"Gallicrex cinerea",48,0.101479915433404
"Zoonavena sylvatica",15,0.100671140939597
"Mycerobas melanozanthos",8,0.1
"Calidris falcinellus",9,0.0989010989010989
"Muscicapa muttui",41,0.0987951807228916
"Zapornia fusca",44,0.0979955456570156
"Urosphena pallidipes",2,0.0952380952380952
"Haliaeetus humilis",10,0.0925925925925926
"Cuculus poliocephalus",19,0.0913461538461538
"Ficedula hodgsoni",6,0.0909090909090909
"Sholicola major",2,0.0909090909090909
"Helopsaltes certhiola",6,0.0895522388059701
"Emberiza fucata",10,0.0862068965517241
"Pyrrhula nipalensis",4,0.0833333333333333
"Charadrius placidus",3,0.0810810810810811
"Gallinago stenura",32,0.08
"Saroglossa spilopterus",8,0.0784313725490196
"Pterorhinus gularis",1,0.0769230769230769
"Dendronanthus indicus",38,0.0764587525150905
"Schoenicola striatus",7,0.0760869565217391
"Ceyx erithaca",12,0.075
"Coturnix coturnix",15,0.0738916256157636
"Anthus richardi",26,0.0728291316526611
"Arundinax aedon",24,0.0720720720720721
"Surniculus dicruroides",23,0.0696969696969697
"Riparia riparia",15,0.0675675675675676
"Zoothera dauma",13,0.0670103092783505
"Buteo buteo",28,0.0654205607476635
"Locustella thoracica",3,0.0652173913043478
"Falco subbuteo",28,0.0649651972157773
"Geokichla wardii",3,0.0638297872340425
"Lewinia striata",13,0.0631067961165049
"Serilophus lunatus",3,0.0625
"Ciconia ciconia",11,0.0611111111111111
"Falco severus",3,0.0588235294117647
"Ianthocincla rufogularis",4,0.0563380281690141
"Ficedula subrubra",2,0.0540540540540541
"Cinclidium frontale",1,0.0526315789473684
"Lophotriorchis kienerii",13,0.0513833992094862
